{"1 2 3 4 5": {"Accuracy": 0.711484593837535, "Precision (Micro)": 0.711484593837535, "Precision (Macro)": 0.7278163626391654, "Recall (Micro)": 0.711484593837535, "Recall (Macro)": 0.711484593837535, "F1 (Micro)": 0.711484593837535, "F1 (Macro)": 0.7065352287349649}, "2 3 4 5 6": {"Accuracy": 0.6593837535014005, "Precision (Micro)": 0.6593837535014005, "Precision (Macro)": 0.6920113170215032, "Recall (Micro)": 0.6593837535014005, "Recall (Macro)": 0.6593837535014005, "F1 (Micro)": 0.6593837535014005, "F1 (Macro)": 0.6539242624762419}, "3 4 5 6 7": {"Accuracy": 0.7030812324929971, "Precision (Micro)": 0.7030812324929971, "Precision (Macro)": 0.7405727338682835, "Recall (Micro)": 0.7030812324929971, "Recall (Macro)": 0.7030812324929973, "F1 (Micro)": 0.7030812324929971, "F1 (Macro)": 0.7023418165083755}, "4 5 6 7 8": {"Accuracy": 0.765266106442577, "Precision (Micro)": 0.765266106442577, "Precision (Macro)": 0.7749370653262239, "Recall (Micro)": 0.765266106442577, "Recall (Macro)": 0.765266106442577, "F1 (Micro)": 0.765266106442577, "F1 (Macro)": 0.7601533245292301}, "5 6 7 8 9": {"Accuracy": 0.7669467787114846, "Precision (Micro)": 0.7669467787114846, "Precision (Macro)": 0.7769652962020553, "Recall (Micro)": 0.7669467787114846, "Recall (Macro)": 0.7669467787114845, "F1 (Micro)": 0.7669467787114846, "F1 (Macro)": 0.7622828375102945}, "6 7 8 9 10": {"Accuracy": 0.7815126050420168, "Precision (Micro)": 0.7815126050420168, "Precision (Macro)": 0.7860677291822863, "Recall (Micro)": 0.7815126050420168, "Recall (Macro)": 0.7815126050420167, "F1 (Micro)": 0.7815126050420168, "F1 (Macro)": 0.7757075751255644}, "7 8 9 10 11": {"Accuracy": 0.8028011204481793, "Precision (Micro)": 0.8028011204481793, "Precision (Macro)": 0.8061058506715452, "Recall (Micro)": 0.8028011204481793, "Recall (Macro)": 0.8028011204481792, "F1 (Micro)": 0.8028011204481793, "F1 (Macro)": 0.7963787731441636}, "8 9 10 11 12": {"Accuracy": 0.788235294117647, "Precision (Micro)": 0.788235294117647, "Precision (Macro)": 0.7881342139694921, "Recall (Micro)": 0.788235294117647, "Recall (Macro)": 0.7882352941176469, "F1 (Micro)": 0.788235294117647, "F1 (Macro)": 0.7815176587565569}, "9 10 11 12 13": {"Accuracy": 0.7619047619047619, "Precision (Micro)": 0.7619047619047619, "Precision (Macro)": 0.7671917127254025, "Recall (Micro)": 0.7619047619047619, "Recall (Macro)": 0.7619047619047619, "F1 (Micro)": 0.7619047619047619, "F1 (Macro)": 0.7554979959744452}, "10 11 12 13 14": {"Accuracy": 0.7703081232492998, "Precision (Micro)": 0.7703081232492998, "Precision (Macro)": 0.7719771798582711, "Recall (Micro)": 0.7703081232492998, "Recall (Macro)": 0.7703081232492996, "F1 (Micro)": 0.7703081232492998, "F1 (Macro)": 0.7678718451146737}, "11 12 13 14 15": {"Accuracy": 0.7445378151260504, "Precision (Micro)": 0.7445378151260504, "Precision (Macro)": 0.7506960595051078, "Recall (Micro)": 0.7445378151260504, "Recall (Macro)": 0.7445378151260504, "F1 (Micro)": 0.7445378151260506, "F1 (Macro)": 0.7446412537080421}, "12 13 14 15 16": {"Accuracy": 0.730532212885154, "Precision (Micro)": 0.730532212885154, "Precision (Macro)": 0.754946211384748, "Recall (Micro)": 0.730532212885154, "Recall (Macro)": 0.7305322128851541, "F1 (Micro)": 0.730532212885154, "F1 (Macro)": 0.7328600027332414}, "13 14 15 16 17": {"Accuracy": 0.7288515406162465, "Precision (Micro)": 0.7288515406162465, "Precision (Macro)": 0.742107320092879, "Recall (Micro)": 0.7288515406162465, "Recall (Macro)": 0.7288515406162466, "F1 (Micro)": 0.7288515406162464, "F1 (Macro)": 0.7293878146326147}, "14 15 16 17 18": {"Accuracy": 0.742296918767507, "Precision (Micro)": 0.742296918767507, "Precision (Macro)": 0.75397011379103, "Recall (Micro)": 0.742296918767507, "Recall (Macro)": 0.742296918767507, "F1 (Micro)": 0.742296918767507, "F1 (Macro)": 0.739616222614706}, "15 16 17 18 19": {"Accuracy": 0.7344537815126051, "Precision (Micro)": 0.7344537815126051, "Precision (Macro)": 0.7441676336297868, "Recall (Micro)": 0.7344537815126051, "Recall (Macro)": 0.734453781512605, "F1 (Micro)": 0.7344537815126051, "F1 (Macro)": 0.7315384138856992}, "16 17 18 19 20": {"Accuracy": 0.7647058823529411, "Precision (Micro)": 0.7647058823529411, "Precision (Macro)": 0.779209626440152, "Recall (Micro)": 0.7647058823529411, "Recall (Macro)": 0.7647058823529411, "F1 (Micro)": 0.7647058823529412, "F1 (Macro)": 0.7665540996310091}, "17 18 19 20 21": {"Accuracy": 0.7260504201680672, "Precision (Micro)": 0.7260504201680672, "Precision (Macro)": 0.742392768770636, "Recall (Micro)": 0.7260504201680672, "Recall (Macro)": 0.7260504201680673, "F1 (Micro)": 0.7260504201680672, "F1 (Macro)": 0.7239400026794569}, "18 19 20 21 22": {"Accuracy": 0.7372549019607844, "Precision (Micro)": 0.7372549019607844, "Precision (Macro)": 0.7563568316152055, "Recall (Micro)": 0.7372549019607844, "Recall (Macro)": 0.7372549019607844, "F1 (Micro)": 0.7372549019607844, "F1 (Macro)": 0.7386900085294436}, "19 20 21 22 23": {"Accuracy": 0.7675070028011205, "Precision (Micro)": 0.7675070028011205, "Precision (Macro)": 0.7932370832860528, "Recall (Micro)": 0.7675070028011205, "Recall (Macro)": 0.7675070028011204, "F1 (Micro)": 0.7675070028011205, "F1 (Macro)": 0.7674053999713294}, "20 21 22 23 24": {"Accuracy": 0.7148459383753502, "Precision (Micro)": 0.7148459383753502, "Precision (Macro)": 0.7375013422153283, "Recall (Micro)": 0.7148459383753502, "Recall (Macro)": 0.7148459383753502, "F1 (Micro)": 0.7148459383753502, "F1 (Macro)": 0.7165226349645014}, "21 22 23 24 25": {"Accuracy": 0.7456582633053221, "Precision (Micro)": 0.7456582633053221, "Precision (Macro)": 0.7542378497676153, "Recall (Micro)": 0.7456582633053221, "Recall (Macro)": 0.7456582633053221, "F1 (Micro)": 0.7456582633053221, "F1 (Macro)": 0.7414549294071692}, "22 23 24 25 26": {"Accuracy": 0.7759103641456583, "Precision (Micro)": 0.7759103641456583, "Precision (Macro)": 0.7860146426738929, "Recall (Micro)": 0.7759103641456583, "Recall (Macro)": 0.7759103641456583, "F1 (Micro)": 0.7759103641456583, "F1 (Macro)": 0.7748011729692876}, "23 24 25 26 27": {"Accuracy": 0.7546218487394958, "Precision (Micro)": 0.7546218487394958, "Precision (Macro)": 0.7668121559600487, "Recall (Micro)": 0.7546218487394958, "Recall (Macro)": 0.7546218487394958, "F1 (Micro)": 0.7546218487394958, "F1 (Macro)": 0.7460171028492801}, "24 25 26 27 28": {"Accuracy": 0.7327731092436974, "Precision (Micro)": 0.7327731092436974, "Precision (Macro)": 0.7410125157216673, "Recall (Micro)": 0.7327731092436974, "Recall (Macro)": 0.7327731092436975, "F1 (Micro)": 0.7327731092436974, "F1 (Macro)": 0.7281685646566588}, "25 26 27 28 29": {"Accuracy": 0.7271708683473389, "Precision (Micro)": 0.7271708683473389, "Precision (Macro)": 0.7248237593904807, "Recall (Micro)": 0.7271708683473389, "Recall (Macro)": 0.727170868347339, "F1 (Micro)": 0.7271708683473389, "F1 (Macro)": 0.7207273637865411}, "26 27 28 29 30": {"Accuracy": 0.7187675070028011, "Precision (Micro)": 0.7187675070028011, "Precision (Macro)": 0.7244854796766623, "Recall (Micro)": 0.7187675070028011, "Recall (Macro)": 0.7187675070028011, "F1 (Micro)": 0.7187675070028011, "F1 (Macro)": 0.7150815160169612}, "27 28 29 30 31": {"Accuracy": 0.7226890756302521, "Precision (Micro)": 0.7226890756302521, "Precision (Macro)": 0.7301565920079939, "Recall (Micro)": 0.7226890756302521, "Recall (Macro)": 0.7226890756302521, "F1 (Micro)": 0.7226890756302521, "F1 (Macro)": 0.7202347300474695}, "28 29 30 31 32": {"Accuracy": 0.6873949579831933, "Precision (Micro)": 0.6873949579831933, "Precision (Macro)": 0.6973262552144016, "Recall (Micro)": 0.6873949579831933, "Recall (Macro)": 0.6873949579831934, "F1 (Micro)": 0.6873949579831933, "F1 (Macro)": 0.6844778234302404}, "29 30 31 32 33": {"Accuracy": 0.7159663865546219, "Precision (Micro)": 0.7159663865546219, "Precision (Macro)": 0.7359324411303415, "Recall (Micro)": 0.7159663865546219, "Recall (Macro)": 0.7159663865546219, "F1 (Micro)": 0.7159663865546217, "F1 (Macro)": 0.7145672128976737},