{"1 2 3 4 5": {"Accuracy": 0.6257703081232493, "Precision (Micro)": 0.6257703081232493, "Precision (Macro)": 0.6425713123134454, "Recall (Micro)": 0.6257703081232493, "Recall (Macro)": 0.6257703081232494, "F1 (Micro)": 0.6257703081232493, "F1 (Macro)": 0.6204084858642614}, "2 3 4 5 6": {"Accuracy": 0.6140056022408964, "Precision (Micro)": 0.6140056022408964, "Precision (Macro)": 0.6417982526660474, "Recall (Micro)": 0.6140056022408964, "Recall (Macro)": 0.6140056022408964, "F1 (Micro)": 0.6140056022408964, "F1 (Macro)": 0.6100606433486557}, "3 4 5 6 7": {"Accuracy": 0.6212885154061625, "Precision (Micro)": 0.6212885154061625, "Precision (Macro)": 0.6446002941887601, "Recall (Micro)": 0.6212885154061625, "Recall (Macro)": 0.6212885154061625, "F1 (Micro)": 0.6212885154061625, "F1 (Macro)": 0.6148819901106771}, "4 5 6 7 8": {"Accuracy": 0.6829131652661065, "Precision (Micro)": 0.6829131652661065, "Precision (Macro)": 0.6915722822626822, "Recall (Micro)": 0.6829131652661065, "Recall (Macro)": 0.6829131652661065, "F1 (Micro)": 0.6829131652661065, "F1 (Macro)": 0.6758924040028526}, "5 6 7 8 9": {"Accuracy": 0.6974789915966386, "Precision (Micro)": 0.6974789915966386, "Precision (Macro)": 0.7116279296270984, "Recall (Micro)": 0.6974789915966386, "Recall (Macro)": 0.6974789915966387, "F1 (Micro)": 0.6974789915966386, "F1 (Macro)": 0.6937809841438307}, "6 7 8 9 10": {"Accuracy": 0.704201680672269, "Precision (Micro)": 0.704201680672269, "Precision (Macro)": 0.7202456691558811, "Recall (Micro)": 0.704201680672269, "Recall (Macro)": 0.704201680672269, "F1 (Micro)": 0.704201680672269, "F1 (Macro)": 0.6962197125389624}, "7 8 9 10 11": {"Accuracy": 0.7456582633053221, "Precision (Micro)": 0.7456582633053221, "Precision (Macro)": 0.7558045277097721, "Recall (Micro)": 0.7456582633053221, "Recall (Macro)": 0.7456582633053221, "F1 (Micro)": 0.7456582633053221, "F1 (Macro)": 0.7407907243425615}, "8 9 10 11 12": {"Accuracy": 0.7378151260504202, "Precision (Micro)": 0.7378151260504202, "Precision (Macro)": 0.7419920551532799, "Recall (Micro)": 0.7378151260504202, "Recall (Macro)": 0.7378151260504202, "F1 (Micro)": 0.7378151260504202, "F1 (Macro)": 0.7315503744672617}, "9 10 11 12 13": {"Accuracy": 0.6873949579831933, "Precision (Micro)": 0.6873949579831933, "Precision (Macro)": 0.6884273746208952, "Recall (Micro)": 0.6873949579831933, "Recall (Macro)": 0.6873949579831934, "F1 (Micro)": 0.6873949579831933, "F1 (Macro)": 0.6790146459165897}, "10 11 12 13 14": {"Accuracy": 0.7019607843137254, "Precision (Micro)": 0.7019607843137254, "Precision (Macro)": 0.709670935574082, "Recall (Micro)": 0.7019607843137254, "Recall (Macro)": 0.7019607843137255, "F1 (Micro)": 0.7019607843137254, "F1 (Macro)": 0.6960787200007393}, "11 12 13 14 15": {"Accuracy": 0.6683473389355742, "Precision (Micro)": 0.6683473389355742, "Precision (Macro)": 0.6803093084583411, "Recall (Micro)": 0.6683473389355742, "Recall (Macro)": 0.6683473389355743, "F1 (Micro)": 0.6683473389355742, "F1 (Macro)": 0.6687545004604863}, "12 13 14 15 16": {"Accuracy": 0.6638655462184874, "Precision (Micro)": 0.6638655462184874, "Precision (Macro)": 0.6633655136055273, "Recall (Micro)": 0.6638655462184874, "Recall (Macro)": 0.6638655462184874, "F1 (Micro)": 0.6638655462184874, "F1 (Macro)": 0.6574335968210763}, "13 14 15 16 17": {"Accuracy": 0.66890756302521, "Precision (Micro)": 0.66890756302521, "Precision (Macro)": 0.680192186819275, "Recall (Micro)": 0.66890756302521, "Recall (Macro)": 0.66890756302521, "F1 (Micro)": 0.66890756302521, "F1 (Macro)": 0.6655936231477317}, "14 15 16 17 18": {"Accuracy": 0.6873949579831933, "Precision (Micro)": 0.6873949579831933, "Precision (Macro)": 0.6884237884198953, "Recall (Micro)": 0.6873949579831933, "Recall (Macro)": 0.6873949579831934, "F1 (Micro)": 0.6873949579831933, "F1 (Macro)": 0.6816232328506789}, "15 16 17 18 19": {"Accuracy": 0.7098039215686275, "Precision (Micro)": 0.7098039215686275, "Precision (Macro)": 0.7167200852875004, "Recall (Micro)": 0.7098039215686275, "Recall (Macro)": 0.7098039215686275, "F1 (Micro)": 0.7098039215686276, "F1 (Macro)": 0.7086271665324452}, "16 17 18 19 20": {"Accuracy": 0.7165266106442577, "Precision (Micro)": 0.7165266106442577, "Precision (Macro)": 0.7253345756187097, "Recall (Micro)": 0.7165266106442577, "Recall (Macro)": 0.7165266106442577, "F1 (Micro)": 0.7165266106442578, "F1 (Macro)": 0.7152265251038947}, "17 18 19 20 21": {"Accuracy": 0.6879551820728291, "Precision (Micro)": 0.6879551820728291, "Precision (Macro)": 0.7060437386118569, "Recall (Micro)": 0.6879551820728291, "Recall (Macro)": 0.6879551820728292, "F1 (Micro)": 0.6879551820728291, "F1 (Macro)": 0.6831158384619364}, "18 19 20 21 22": {"Accuracy": 0.6957983193277311, "Precision (Micro)": 0.6957983193277311, "Precision (Macro)": 0.7195063171364459, "Recall (Micro)": 0.6957983193277311, "Recall (Macro)": 0.6957983193277312, "F1 (Micro)": 0.6957983193277311, "F1 (Macro)": 0.6932416858901783}, "19 20 21 22 23": {"Accuracy": 0.7232492997198879, "Precision (Micro)": 0.7232492997198879, "Precision (Macro)": 0.752574876588683, "Recall (Micro)": 0.7232492997198879, "Recall (Macro)": 0.723249299719888, "F1 (Micro)": 0.7232492997198879, "F1 (Macro)": 0.725101398494594}, "20 21 22 23 24": {"Accuracy": 0.6834733893557423, "Precision (Micro)": 0.6834733893557423, "Precision (Macro)": 0.7060103060894525, "Recall (Micro)": 0.6834733893557423, "Recall (Macro)": 0.6834733893557424, "F1 (Micro)": 0.6834733893557423, "F1 (Macro)": 0.6885450004778643}, "21 22 23 24 25": {"Accuracy": 0.719327731092437, "Precision (Micro)": 0.719327731092437, "Precision (Macro)": 0.7354347454169919, "Recall (Micro)": 0.719327731092437, "Recall (Macro)": 0.719327731092437, "F1 (Micro)": 0.719327731092437, "F1 (Macro)": 0.7197894077144035}, "22 23 24 25 26": {"Accuracy": 0.7120448179271709, "Precision (Micro)": 0.7120448179271709, "Precision (Macro)": 0.7337688854204613, "Recall (Micro)": 0.7120448179271709, "Recall (Macro)": 0.7120448179271709, "F1 (Micro)": 0.7120448179271708, "F1 (Macro)": 0.7126292753440481}, "23 24 25 26 27": {"Accuracy": 0.7310924369747899, "Precision (Micro)": 0.7310924369747899, "Precision (Macro)": 0.7444666672044121, "Recall (Micro)": 0.7310924369747899, "Recall (Macro)": 0.73109243697479, "F1 (Micro)": 0.7310924369747899, "F1 (Macro)": 0.7264656829613969}, "24 25 26 27 28": {"Accuracy": 0.680672268907563, "Precision (Micro)": 0.680672268907563, "Precision (Macro)": 0.6907604850852886, "Recall (Micro)": 0.680672268907563, "Recall (Macro)": 0.6806722689075632, "F1 (Micro)": 0.680672268907563, "F1 (Macro)": 0.67412408266336}, "25 26 27 28 29": {"Accuracy": 0.6509803921568628, "Precision (Micro)": 0.6509803921568628, "Precision (Macro)": 0.6544808670519268, "Recall (Micro)": 0.6509803921568628, "Recall (Macro)": 0.6509803921568628, "F1 (Micro)": 0.6509803921568628, "F1 (Macro)": 0.6433226646611804}, "26 27 28 29 30": {"Accuracy": 0.6974789915966386, "Precision (Micro)": 0.6974789915966386, "Precision (Macro)": 0.7011964039854323, "Recall (Micro)": 0.6974789915966386, "Recall (Macro)": 0.6974789915966387, "F1 (Micro)": 0.6974789915966386, "F1 (Macro)": 0.6899048610812626}, "27 28 29 30 31": {"Accuracy": 0.6851540616246499, "Precision (Micro)": 0.6851540616246499, "Precision (Macro)": 0.6906135890097559, "Recall (Micro)": 0.6851540616246499, "Recall (Macro)": 0.6851540616246499, "F1 (Micro)": 0.6851540616246499, "F1 (Macro)": 0.6812352447353596}, "28 29 30 31 32": {"Accuracy": 0.6504201680672269, "Precision (Micro)": 0.6504201680672269, "Precision (Macro)": 0.6669709758116089, "Recall (Micro)": 0.6504201680672269, "Recall (Macro)": 0.6504201680672269, "F1 (Micro)": 0.6504201680672269, "F1 (Macro)": 0.6469146213542994}, "29 30 31 32 33": {"Accuracy": 0.6795518207282913, "Precision (Micro)": 0.6795518207282913, "Precision (Macro)": 0.695529655064423, "Recall (Micro)": 0.6795518207282913, "Recall (Macro)": 0.6795518207282913, "F1 (Micro)": 0.6795518207282913, "F1 (Macro)": 0.6758123476249227},