{
	"1 2 3 4 5": {
		"Accuracy": 0.6039215686274509,
		"Precision (Micro)": 0.6039215686274509,
		"Precision (Macro)": 0.6238914601647177,
		"Recall (Micro)": 0.6039215686274509,
		"Recall (Macro)": 0.6039215686274509,
		"F1 (Micro)": 0.6039215686274509,
		"F1 (Macro)": 0.5980633934287835
	},
	"2 3 4 5 6": {
		"Accuracy": 0.5932773109243697,
		"Precision (Micro)": 0.5932773109243697,
		"Precision (Macro)": 0.5972463688029477,
		"Recall (Micro)": 0.5932773109243697,
		"Recall (Macro)": 0.5932773109243699,
		"F1 (Micro)": 0.5932773109243697,
		"F1 (Macro)": 0.5857077270774163
	},
	"3 4 5 6 7": {
		"Accuracy": 0.5910364145658263,
		"Precision (Micro)": 0.5910364145658263,
		"Precision (Macro)": 0.6000444469228997,
		"Recall (Micro)": 0.5910364145658263,
		"Recall (Macro)": 0.5910364145658263,
		"F1 (Micro)": 0.5910364145658263,
		"F1 (Macro)": 0.5779468464791103
	},
	"4 5 6 7 8": {
		"Accuracy": 0.684593837535014,
		"Precision (Micro)": 0.684593837535014,
		"Precision (Macro)": 0.6930442013143129,
		"Recall (Micro)": 0.684593837535014,
		"Recall (Macro)": 0.6845938375350141,
		"F1 (Micro)": 0.684593837535014,
		"F1 (Macro)": 0.6794523982060222
	},
	"5 6 7 8 9": {
		"Accuracy": 0.6918767507002801,
		"Precision (Micro)": 0.6918767507002801,
		"Precision (Macro)": 0.6960391057475694,
		"Recall (Micro)": 0.6918767507002801,
		"Recall (Macro)": 0.6918767507002802,
		"F1 (Micro)": 0.6918767507002801,
		"F1 (Macro)": 0.6836500039659115
	},
	"6 7 8 9 10": {
		"Accuracy": 0.7277310924369748,
		"Precision (Micro)": 0.7277310924369748,
		"Precision (Macro)": 0.7389779536115846,
		"Recall (Micro)": 0.7277310924369748,
		"Recall (Macro)": 0.7277310924369749,
		"F1 (Micro)": 0.7277310924369749,
		"F1 (Macro)": 0.7234478983269305
	},
	"7 8 9 10 11": {
		"Accuracy": 0.7131652661064426,
		"Precision (Micro)": 0.7131652661064426,
		"Precision (Macro)": 0.7284249079890186,
		"Recall (Micro)": 0.7131652661064426,
		"Recall (Macro)": 0.7131652661064426,
		"F1 (Micro)": 0.7131652661064426,
		"F1 (Macro)": 0.7055675688125688
	},
	"8 9 10 11 12": {
		"Accuracy": 0.7047619047619048,
		"Precision (Micro)": 0.7047619047619048,
		"Precision (Macro)": 0.7161582501987285,
		"Recall (Micro)": 0.7047619047619048,
		"Recall (Macro)": 0.7047619047619048,
		"F1 (Micro)": 0.7047619047619048,
		"F1 (Macro)": 0.6981910259929258
	},
	"9 10 11 12 13": {
		"Accuracy": 0.6694677871148459,
		"Precision (Micro)": 0.6694677871148459,
		"Precision (Macro)": 0.6725322818038321,
		"Recall (Micro)": 0.6694677871148459,
		"Recall (Macro)": 0.6694677871148461,
		"F1 (Micro)": 0.6694677871148459,
		"F1 (Macro)": 0.6621836164830147
	},
	"10 11 12 13 14": {
		"Accuracy": 0.6957983193277311,
		"Precision (Micro)": 0.6957983193277311,
		"Precision (Macro)": 0.7155644791319883,
		"Recall (Micro)": 0.6957983193277311,
		"Recall (Macro)": 0.6957983193277312,
		"F1 (Micro)": 0.6957983193277311,
		"F1 (Macro)": 0.6933383047900117
	},
	"11 12 13 14 15": {
		"Accuracy": 0.642577030812325,
		"Precision (Micro)": 0.642577030812325,
		"Precision (Macro)": 0.6625537357929752,
		"Recall (Micro)": 0.642577030812325,
		"Recall (Macro)": 0.642577030812325,
		"F1 (Micro)": 0.642577030812325,
		"F1 (Macro)": 0.6438523867186108
	},
	"12 13 14 15 16": {
		"Accuracy": 0.66890756302521,
		"Precision (Micro)": 0.66890756302521,
		"Precision (Macro)": 0.6857819702393471,
		"Recall (Micro)": 0.66890756302521,
		"Recall (Macro)": 0.6689075630252103,
		"F1 (Micro)": 0.66890756302521,
		"F1 (Macro)": 0.668705780311881
	},
	"13 14 15 16 17": {
		"Accuracy": 0.6408963585434174,
		"Precision (Micro)": 0.6408963585434174,
		"Precision (Macro)": 0.6636911194978183,
		"Recall (Micro)": 0.6408963585434174,
		"Recall (Macro)": 0.6408963585434174,
		"F1 (Micro)": 0.6408963585434174,
		"F1 (Macro)": 0.6409379982390716
	},
	"14 15 16 17 18": {
		"Accuracy": 0.6901960784313725,
		"Precision (Micro)": 0.6901960784313725,
		"Precision (Macro)": 0.6949580383759293,
		"Recall (Micro)": 0.6901960784313725,
		"Recall (Macro)": 0.6901960784313727,
		"F1 (Micro)": 0.6901960784313725,
		"F1 (Macro)": 0.6879143109546795
	},
	"15 16 17 18 19": {
		"Accuracy": 0.6974789915966386,
		"Precision (Micro)": 0.6974789915966386,
		"Precision (Macro)": 0.7078032526347109,
		"Recall (Micro)": 0.6974789915966386,
		"Recall (Macro)": 0.6974789915966387,
		"F1 (Micro)": 0.6974789915966386,
		"F1 (Macro)": 0.695319673214978
	},
	"16 17 18 19 20": {
		"Accuracy": 0.6935574229691877,
		"Precision (Micro)": 0.6935574229691877,
		"Precision (Macro)": 0.7070417611564216,
		"Recall (Micro)": 0.6935574229691877,
		"Recall (Macro)": 0.6935574229691878,
		"F1 (Micro)": 0.6935574229691877,
		"F1 (Macro)": 0.6942932426193682
	},
	"17 18 19 20 21": {
		"Accuracy": 0.6492997198879552,
		"Precision (Micro)": 0.6492997198879552,
		"Precision (Macro)": 0.6750250049879466,
		"Recall (Micro)": 0.6492997198879552,
		"Recall (Macro)": 0.6492997198879552,
		"F1 (Micro)": 0.6492997198879552,
		"F1 (Macro)": 0.6508192703024219
	},
	"18 19 20 21 22": {
		"Accuracy": 0.6700280112044817,
		"Precision (Micro)": 0.6700280112044817,
		"Precision (Macro)": 0.686895060450386,
		"Recall (Micro)": 0.6700280112044817,
		"Recall (Macro)": 0.6700280112044819,
		"F1 (Micro)": 0.6700280112044817,
		"F1 (Macro)": 0.6714300845078418
	},
	"19 20 21 22 23": {
		"Accuracy": 0.6610644257703081,
		"Precision (Micro)": 0.6610644257703081,
		"Precision (Macro)": 0.6883916357597547,
		"Recall (Micro)": 0.6610644257703081,
		"Recall (Macro)": 0.6610644257703081,
		"F1 (Micro)": 0.6610644257703081,
		"F1 (Macro)": 0.6608341238519496
	},
	"20 21 22 23 24": {
		"Accuracy": 0.6521008403361345,
		"Precision (Micro)": 0.6521008403361345,
		"Precision (Macro)": 0.6675801384932936,
		"Recall (Micro)": 0.6521008403361345,
		"Recall (Macro)": 0.6521008403361345,
		"F1 (Micro)": 0.6521008403361345,
		"F1 (Macro)": 0.6536838330810176
	},
	"21 22 23 24 25": {
		"Accuracy": 0.6739495798319328,
		"Precision (Micro)": 0.6739495798319328,
		"Precision (Macro)": 0.6897324069957961,
		"Recall (Micro)": 0.6739495798319328,
		"Recall (Macro)": 0.6739495798319328,
		"F1 (Micro)": 0.6739495798319328,
		"F1 (Macro)": 0.6762879101625806
	},
	"22 23 24 25 26": {
		"Accuracy": 0.684593837535014,
		"Precision (Micro)": 0.684593837535014,
		"Precision (Macro)": 0.7044081779316418,
		"Recall (Micro)": 0.684593837535014,
		"Recall (Macro)": 0.6845938375350141,
		"F1 (Micro)": 0.684593837535014,
		"F1 (Macro)": 0.6861984171746377
	},
	"23 24 25 26 27": {
		"Accuracy": 0.726610644257703,
		"Precision (Micro)": 0.726610644257703,
		"Precision (Macro)": 0.7347807744667114,
		"Recall (Micro)": 0.726610644257703,
		"Recall (Macro)": 0.726610644257703,
		"F1 (Micro)": 0.726610644257703,
		"F1 (Macro)": 0.7263881551669576
	},
	"24 25 26 27 28": {
		"Accuracy": 0.6683473389355742,
		"Precision (Micro)": 0.6683473389355742,
		"Precision (Macro)": 0.6715775225869295,
		"Recall (Micro)": 0.6683473389355742,
		"Recall (Macro)": 0.6683473389355742,
		"F1 (Micro)": 0.6683473389355742,
		"F1 (Macro)": 0.6634132178289479
	},
	"25 26 27 28 29": {
		"Accuracy": 0.6257703081232493,
		"Precision (Micro)": 0.6257703081232493,
		"Precision (Macro)": 0.6570772593511008,
		"Recall (Micro)": 0.6257703081232493,
		"Recall (Macro)": 0.6257703081232494,
		"F1 (Micro)": 0.6257703081232493,
		"F1 (Macro)": 0.6280254163403548
	},
	"26 27 28 29 30": {
		"Accuracy": 0.6582633053221288,
		"Precision (Micro)": 0.6582633053221288,
		"Precision (Macro)": 0.6708250587604264,
		"Recall (Micro)": 0.6582633053221288,
		"Recall (Macro)": 0.6582633053221288,
		"F1 (Micro)": 0.6582633053221288,
		"F1 (Macro)": 0.6547432397056681
	},
	"27 28 29 30 31": {
		"Accuracy": 0.6739495798319328,
		"Precision (Micro)": 0.6739495798319328,
		"Precision (Macro)": 0.6892320677679903,
		"Recall (Micro)": 0.6739495798319328,
		"Recall (Macro)": 0.6739495798319329,
		"F1 (Micro)": 0.6739495798319328,
		"F1 (Macro)": 0.6714744289234722
	},
	"28 29 30 31 32": {
		"Accuracy": 0.6403361344537815,