{"1": {"Accuracy": 0.7627516122728161, "Precision (Micro)": 0.7627516122728161, "Precision (Macro)": 0.7604356405228497, "Recall (Micro)": 0.7627516122728161, "Recall (Macro)": 0.7627516122728162, "F1 (Micro)": 0.7627516122728161, "F1 (Macro)": 0.7578830541694019}, "2": {"Accuracy": 0.80125073285128, "Precision (Micro)": 0.80125073285128, "Precision (Macro)": 0.8040727449842101, "Recall (Micro)": 0.80125073285128, "Recall (Macro)": 0.80125073285128, "F1 (Micro)": 0.80125073285128, "F1 (Macro)": 0.7991034229084522}, "3": {"Accuracy": 0.8327144811412938, "Precision (Micro)": 0.8327144811412938, "Precision (Macro)": 0.8348907490814621, "Recall (Micro)": 0.8327144811412938, "Recall (Macro)": 0.8327144811412939, "F1 (Micro)": 0.8327144811412938, "F1 (Macro)": 0.832006897799119}}