{"2 4 13 25 39": {"2": {"Accuracy": 0.8109756097560976, "Precision (Micro)": 0.8109756097560976, "Precision (Macro)": 0.8438914027149321, "Recall (Micro)": 0.8109756097560976, "Recall (Macro)": 0.8433155080213903, "F1 (Micro)": 0.8109756097560975, "F1 (Macro)": 0.8338994341235557}}}