{"2 4 13 25 39": {"2": {"Accuracy": 0.6254295532646048, "Precision (Micro)": 0.6254295532646048, "Precision (Macro)": 0.674863993905576, "Recall (Micro)": 0.6254295532646048, "Recall (Macro)": 0.6740110079119368, "F1 (Micro)": 0.6254295532646048, "F1 (Macro)": 0.5927507255738643}}}