{
    "1 2 3 4 5": {
        "Accuracy": 0.6050420168067226, 
        "Precision (Micro)": 0.6050420168067226, 
        "Precision (Macro)": 0.6262291431452462, 
        "Recall (Micro)": 0.6050420168067226, 
        "Recall (Macro)": 0.6050420168067228, 
        "F1 (Micro)": 0.6050420168067226, 
        "F1 (Macro)": 0.5985777852996812
    }, 
    "2 3 4 5 6": {
        "Accuracy": 0.6072829131652661, 
        "Precision (Micro)": 0.6072829131652661, 
        "Precision (Macro)": 0.6225207953719502, 
        "Recall (Micro)": 0.6072829131652661, 
        "Recall (Macro)": 0.6072829131652661, 
        "F1 (Micro)": 0.6072829131652661, 
        "F1 (Macro)": 0.5945595454042386
    }, 
    "3 4 5 6 7": {
        "Accuracy": 0.62296918767507, 
        "Precision (Micro)": 0.62296918767507, 
        "Precision (Macro)": 0.6526694045934907, 
        "Recall (Micro)": 0.62296918767507, 
        "Recall (Macro)": 0.62296918767507, 
        "F1 (Micro)": 0.62296918767507, 
        "F1 (Macro)": 0.6153011727319428
    }, 
    "4 5 6 7 8": {
        "Accuracy": 0.66890756302521, 
        "Precision (Micro)": 0.66890756302521, 
        "Precision (Macro)": 0.6730640235033393, 
        "Recall (Micro)": 0.66890756302521, 
        "Recall (Macro)": 0.6689075630252102, 
        "F1 (Micro)": 0.66890756302521, 
        "F1 (Macro)": 0.6580296887467938
    }, 
    "5 6 7 8 9": {
        "Accuracy": 0.6890756302521008, 
        "Precision (Micro)": 0.6890756302521008, 
        "Precision (Macro)": 0.7055783412513682, 
        "Recall (Micro)": 0.6890756302521008, 
        "Recall (Macro)": 0.689075630252101, 
        "F1 (Micro)": 0.6890756302521008, 
        "F1 (Macro)": 0.6838561439925094
    }, 
    "6 7 8 9 10": {
        "Accuracy": 0.6666666666666666, 
        "Precision (Micro)": 0.6666666666666666, 
        "Precision (Macro)": 0.6892813226024908, 
        "Recall (Micro)": 0.6666666666666666, 
        "Recall (Macro)": 0.6666666666666666, 
        "F1 (Micro)": 0.6666666666666666, 
        "F1 (Macro)": 0.6592580563964594
    }, 
    "7 8 9 10 11": {
        "Accuracy": 0.6599439775910364, 
        "Precision (Micro)": 0.6599439775910364, 
        "Precision (Macro)": 0.677215039444189, 
        "Recall (Micro)": 0.6599439775910364, 
        "Recall (Macro)": 0.6599439775910364, 
        "F1 (Micro)": 0.6599439775910364, 
        "F1 (Macro)": 0.6537436075846261
    }, 
    "8 9 10 11 12": {
        "Accuracy": 0.6257703081232493, 
        "Precision (Micro)": 0.6257703081232493, 
        "Precision (Macro)": 0.6414428894212956, 
        "Recall (Micro)": 0.6257703081232493, 
        "Recall (Macro)": 0.6257703081232493, 
        "F1 (Micro)": 0.6257703081232493, 
        "F1 (Macro)": 0.6203663550303533
    }, 
    "9 10 11 12 13": {
        "Accuracy": 0.6022408963585434, 
        "Precision (Micro)": 0.6022408963585434, 
        "Precision (Macro)": 0.6147023097853525, 
        "Recall (Micro)": 0.6022408963585434, 
        "Recall (Macro)": 0.6022408963585434, 
        "F1 (Micro)": 0.6022408963585434, 
        "F1 (Macro)": 0.5969459126880302
    }, 
    "10 11 12 13 14": {
        "Accuracy": 0.6212885154061625, 
        "Precision (Micro)": 0.6212885154061625, 
        "Precision (Macro)": 0.6330799717697414, 
        "Recall (Micro)": 0.6212885154061625, 
        "Recall (Macro)": 0.6212885154061625, 
        "F1 (Micro)": 0.6212885154061625, 
        "F1 (Macro)": 0.6187309968510729
    }, 
    "11 12 13 14 15": {
        "Accuracy": 0.596078431372549, 
        "Precision (Micro)": 0.596078431372549, 
        "Precision (Macro)": 0.6141995714188409, 
        "Recall (Micro)": 0.596078431372549, 
        "Recall (Macro)": 0.596078431372549, 
        "F1 (Micro)": 0.596078431372549, 
        "F1 (Macro)": 0.5960514329763481
    },
    "12 13 14 15 16": {
        "Accuracy": 0.6336134453781512, 
        "Precision (Micro)": 0.6336134453781512, 
        "Precision (Macro)": 0.6471441490164174, 
        "Recall (Micro)": 0.6336134453781512, 
        "Recall (Macro)": 0.6336134453781513, 
        "F1 (Micro)": 0.6336134453781512, 
        "F1 (Macro)": 0.6336366007425211
    }, 
    "13 14 15 16 17": {
        "Accuracy": 0.6224089635854342, 
        "Precision (Micro)": 0.6224089635854342, 
        "Precision (Macro)": 0.6338105809714527, 
        "Recall (Micro)": 0.6224089635854342, 
        "Recall (Macro)": 0.6224089635854343, 
        "F1 (Micro)": 0.6224089635854342, 
        "F1 (Macro)": 0.6215397103360497
    }, 
    "14 15 16 17 18": 
    {
        "Accuracy": 0.6190476190476191, 
        "Precision (Micro)": 0.6190476190476191, 
        "Precision (Macro)": 0.6238482165480687, 
        "Recall (Micro)": 0.6190476190476191, 
        "Recall (Macro)": 0.6190476190476191, 
        "F1 (Micro)": 0.6190476190476191, 
        "F1 (Macro)": 0.6147966101419684
    }, 
    "15 16 17 18 19": {
        "Accuracy": 0.6341736694677871, 
        "Precision (Micro)": 0.6341736694677871, 
        "Precision (Macro)": 0.6449870530627023, 
        "Recall (Micro)": 0.6341736694677871, 
        "Recall (Macro)": 0.6341736694677871, 
        "F1 (Micro)": 0.6341736694677871, 
        "F1 (Macro)": 0.6317693833574201
    }, 
    "16 17 18 19 20": {
        "Accuracy": 0.6543417366946779, 
        "Precision (Micro)": 0.6543417366946779, 
        "Precision (Macro)": 0.6863454274892689, 
        "Recall (Micro)": 0.6543417366946779, 
        "Recall (Macro)": 0.6543417366946779, 
        "F1 (Micro)": 0.6543417366946779, 
        "F1 (Macro)": 0.6578595889197418
    }, 
    "17 18 19 20 21": {
        "Accuracy": 0.6128851540616247, 
        "Precision (Micro)": 0.6128851540616247, 
        "Precision (Macro)": 0.6524592282914992, 
        "Recall (Micro)": 0.6128851540616247, 
        "Recall (Macro)": 0.6128851540616247, 
        "F1 (Micro)": 0.6128851540616247, 
        "F1 (Macro)": 0.6159199128144716
    }, 
    "18 19 20 21 22": {
        "Accuracy": 0.661624649859944, 
        "Precision (Micro)": 0.661624649859944, 
        "Precision (Macro)": 0.7034772042873184, 
        "Recall (Micro)": 0.661624649859944, 
        "Recall (Macro)": 0.6616246498599441, 
        "F1 (Micro)": 0.661624649859944, 
        "F1 (Macro)": 0.6642515186498483
    }, 
    "19 20 21 22 23": {
        "Accuracy": 0.6991596638655462, 
        "Precision (Micro)": 0.6991596638655462, 
        "Precision (Macro)": 0.7319450892633224, 
        "Recall (Micro)": 0.6991596638655462, 
        "Recall (Macro)": 0.6991596638655463, 
        "F1 (Micro)": 0.6991596638655462, 
        "F1 (Macro)": 0.7003318111115204
    }, 
    "20 21 22 23 24": {
        "Accuracy": 0.6470588235294118, 
        "Precision (Micro)": 0.6470588235294118, 
        "Precision (Macro)": 0.6767804040821188, 
        "Recall (Micro)": 0.6470588235294118, 
        "Recall (Macro)": 0.6470588235294118, 
        "F1 (Micro)": 0.6470588235294118, 
        "F1 (Macro)": 0.6483046784303227
    }, 
    "21 22 23 24 25": {
        "Accuracy": 0.6599439775910364, 
        "Precision (Micro)": 0.6599439775910364, 
        "Precision (Macro)": 0.6816544709459893, 
        "Recall (Micro)": 0.6599439775910364, 
        "Recall (Macro)": 0.6599439775910364, 
        "F1 (Micro)": 0.6599439775910364, 
        "F1 (Macro)": 0.6636285629318973
    }, 
    "22 23 24 25 26": {
        "Accuracy": 0.6789915966386555, 
        "Precision (Micro)": 0.6789915966386555, 
        "Precision (Macro)": 0.6916099996412042, 
        "Recall (Micro)": 0.6789915966386555, 
        "Recall (Macro)": 0.6789915966386555, 
        "F1 (Micro)": 0.6789915966386555, 
        "F1 (Macro)": 0.6798796954312585
    }, 
    "23 24 25 26 27": {
        "Accuracy": 0.6627450980392157, 
        "Precision (Micro)": 0.6627450980392157, 
        "Precision (Macro)": 0.6911214520674038, 
        "Recall (Micro)": 0.6627450980392157, 
        "Recall (Macro)": 0.6627450980392157, 
        "F1 (Micro)": 0.6627450980392157,