{
    "1 2 3 4 5": {
        "Accuracy": 0.715406162464986, 
        "Precision (Micro)": 0.715406162464986, 
        "Precision (Macro)": 0.7303661298782087, 
        "Recall (Micro)": 0.715406162464986, 
        "Recall (Macro)": 0.7154061624649861, 
        "F1 (Micro)": 0.7154061624649859, 
        "F1 (Macro)": 0.7152913280651945
    }, 
    "2 3 4 5 6": {
        "Accuracy": 0.6750700280112045, 
        "Precision (Micro)": 0.6750700280112045, 
        "Precision (Macro)": 0.7002988730425347, 
        "Recall (Micro)": 0.6750700280112045, 
        "Recall (Macro)": 0.6750700280112045, 
        "F1 (Micro)": 0.6750700280112045, 
        "F1 (Macro)": 0.6691855833735076
    }, 
    "3 4 5 6 7": {
        "Accuracy": 0.684593837535014, 
        "Precision (Micro)": 0.684593837535014, 
        "Precision (Macro)": 0.7070112591741818, 
        "Recall (Micro)": 0.684593837535014, 
        "Recall (Macro)": 0.684593837535014, 
        "F1 (Micro)": 0.684593837535014, 
        "F1 (Macro)": 0.6768804763092262
    }, 
    "4 5 6 7 8": {
        "Accuracy": 0.7484593837535014, 
        "Precision (Micro)": 0.7484593837535014, 
        "Precision (Macro)": 0.7577696543123877, 
        "Recall (Micro)": 0.7484593837535014, 
        "Recall (Macro)": 0.7484593837535014, 
        "F1 (Micro)": 0.7484593837535015, 
        "F1 (Macro)": 0.7398607041891734
    }, 
    "5 6 7 8 9": {
        "Accuracy": 0.7434173669467787, 
        "Precision (Micro)": 0.7434173669467787, 
        "Precision (Macro)": 0.7554276510298374, 
        "Recall (Micro)": 0.7434173669467787, 
        "Recall (Macro)": 0.7434173669467787, 
        "F1 (Micro)": 0.7434173669467787, 
        "F1 (Macro)": 0.7360744345799105
    }, 
    "6 7 8 9 10": {
        "Accuracy": 0.7591036414565826, 
        "Precision (Micro)": 0.7591036414565826, 
        "Precision (Macro)": 0.7706670631313336, 
        "Recall (Micro)": 0.7591036414565826, 
        "Recall (Macro)": 0.7591036414565826, 
        "F1 (Micro)": 0.7591036414565826, 
        "F1 (Macro)": 0.7537173030525464
    }, 
    "7 8 9 10 11": {
        "Accuracy": 0.7803921568627451, 
        "Precision (Micro)": 0.7803921568627451, 
        "Precision (Macro)": 0.7966243433492437, 
        "Recall (Micro)": 0.7803921568627451, 
        "Recall (Macro)": 0.7803921568627451, 
        "F1 (Micro)": 0.7803921568627451, 
        "F1 (Macro)": 0.7747760423115866
    }, 
    "8 9 10 11 12": {
        "Accuracy": 0.7753501400560224, 
        "Precision (Micro)": 0.7753501400560224, 
        "Precision (Macro)": 0.7772780902844706, 
        "Recall (Micro)": 0.7753501400560224, 
        "Recall (Macro)": 0.7753501400560223, 
        "F1 (Micro)": 0.7753501400560224, 
        "F1 (Macro)": 0.7672083518288588
    }, 
    "9 10 11 12 13": {
        "Accuracy": 0.7434173669467787, 
        "Precision (Micro)": 0.7434173669467787, 
        "Precision (Macro)": 0.7400230036336372, 
        "Recall (Micro)": 0.7434173669467787, 
        "Recall (Macro)": 0.7434173669467787, 
        "F1 (Micro)": 0.7434173669467787, 
        "F1 (Macro)": 0.735716214543442
    }, 
    "10 11 12 13 14": {
        "Accuracy": 0.7579831932773109, 
        "Precision (Micro)": 0.7579831932773109, 
        "Precision (Macro)": 0.7651654057637375,
         "Recall (Micro)": 0.7579831932773109, 
         "Recall (Macro)": 0.7579831932773109, 
         "F1 (Micro)": 0.7579831932773109, 
         "F1 (Macro)": 0.7564763723238946
    }, 
    "11 12 13 14 15": {
        "Accuracy": 0.7159663865546219, 
        "Precision (Micro)": 0.7159663865546219, 
        "Precision (Macro)": 0.7315124240503605, 
        "Recall (Micro)": 0.7159663865546219, 
        "Recall (Macro)": 0.7159663865546219, 
        "F1 (Micro)": 0.7159663865546217, 
        "F1 (Macro)": 0.717490242856054
    }, 
    "12 13 14 15 16": {
        "Accuracy": 0.719327731092437, 
        "Precision (Micro)": 0.719327731092437, 
        "Precision (Macro)": 0.7400111151809992, 
        "Recall (Micro)": 0.719327731092437, 
        "Recall (Macro)": 0.719327731092437, 
        "F1 (Micro)": 0.719327731092437, 
        "F1 (Macro)": 0.7204372444752545
    }, 
    "13 14 15 16 17": {
        "Accuracy": 0.7221288515406162, 
        "Precision (Micro)": 0.7221288515406162,
        "Precision (Macro)": 0.7376366681344597, 
        "Recall (Micro)": 0.7221288515406162, 
        "Recall (Macro)": 0.7221288515406162, 
        "F1 (Micro)": 0.7221288515406162, 
        "F1 (Macro)": 0.7245127194673205
    }, 
    "14 15 16 17 18": {
        "Accuracy": 0.7546218487394958, 
        "Precision (Micro)": 0.7546218487394958, 
        "Precision (Macro)": 0.7647292709986446, 
        "Recall (Micro)": 0.7546218487394958, 
        "Recall (Macro)": 0.7546218487394958, 
        "F1 (Micro)": 0.7546218487394958, 
        "F1 (Macro)": 0.7545128223834365
    }, 
    "15 16 17 18 19": {
        "Accuracy": 0.7742296918767507, 
        "Precision (Micro)": 0.7742296918767507, 
        "Precision (Macro)": 0.7859031721270436, 
        "Recall (Micro)": 0.7742296918767507, 
        "Recall (Macro)": 0.7742296918767506, 
        "F1 (Micro)": 0.7742296918767507, 
        "F1 (Macro)": 0.7726353562129652
    }, 
    "16 17 18 19 20": {
        "Accuracy": 0.7647058823529411, 
        "Precision (Micro)": 0.7647058823529411, 
        "Precision (Macro)": 0.7750834468529809, 
        "Recall (Micro)": 0.7647058823529411, 
        "Recall (Macro)": 0.7647058823529411, 
        "F1 (Micro)": 0.7647058823529412, 
        "F1 (Macro)": 0.7627234623247899
    }, 
    "17 18 19 20 21": {
        "Accuracy": 0.7282913165266106, 
        "Precision (Micro)": 0.7282913165266106, 
        "Precision (Macro)": 0.7487392869355185, 
        "Recall (Micro)": 0.7282913165266106, 
        "Recall (Macro)": 0.7282913165266106, 
        "F1 (Micro)": 0.7282913165266107, 
        "F1 (Macro)": 0.7284770664608131
    }, 
    "18 19 20 21 22": {
        "Accuracy": 0.746218487394958, 
        "Precision (Micro)": 0.746218487394958, 
        "Precision (Macro)": 0.7656891471439675, 
        "Recall (Micro)": 0.746218487394958, 
        "Recall (Macro)": 0.746218487394958, 
        "F1 (Micro)": 0.746218487394958, 
        "F1 (Macro)": 0.7491690866821171
    }, 
    "19 20 21 22 23": {
        "Accuracy": 0.7523809523809524, 
        "Precision (Micro)": 0.7523809523809524, 
        "Precision (Macro)": 0.7670287959438404, 
        "Recall (Micro)": 0.7523809523809524,
        "Recall (Macro)": 0.7523809523809524, 
        "F1 (Micro)": 0.7523809523809524, 
        "F1 (Macro)": 0.7547760082704239
    }, 
    "20 21 22 23 24": {
        "Accuracy": 0.7226890756302521, 
        "Precision (Micro)": 0.7226890756302521, 
        "Precision (Macro)": 0.7371470142097154, 
        "Recall (Micro)": 0.7226890756302521, 
        "Recall (Macro)": 0.7226890756302521, 
        "F1 (Micro)": 0.7226890756302521, 
        "F1 (Macro)": 0.7262706223934243
    }, 
    "21 22 23 24 25": {
        "Accuracy": 0.746218487394958, 
        "Precision (Micro)": 0.746218487394958, 
        "Precision (Macro)": 0.7569471526965711, 
        "Recall (Micro)": 0.746218487394958, 
        "Recall (Macro)": 0.746218487394958, 
        "F1 (Micro)": 0.746218487394958, 
        "F1 (Macro)": 0.7474473655822033
    }, 
    "22 23 24 25 26": {
        "Accuracy": 0.7669467787114846, 
        "Precision (Micro)": 0.7669467787114846, 
        "Precision (Macro)": 0.7775059384715851, 
        "Recall (Micro)": 0.7669467787114846, 
        "Recall (Macro)": 0.7669467787114845, 
        "F1 (Micro)": 0.7669467787114846, 
        "F1 (Macro)": 0.7658712297552318
    }, 
    "23 24 25 26 27": {
        "Accuracy": 0.7714285714285715, 
        "Precision (Micro)": 0.7714285714285715, 
        "Precision (Macro)": 0.7765604616007021, 
        "Recall (Micro)": 0.7714285714285715, 
        "Recall (Macro)": 0.7714285714285714, 
        "F1 (Micro)": 0.7714285714285715,