{
    "1 2 3 4 5": {
        "Accuracy": 0.7126050420168067, 
        "Precision (Micro)": 0.7126050420168067, 
        "Precision (Macro)": 0.7287393297435816, 
        "Recall (Micro)": 0.7126050420168067, 
        "Recall (Macro)": 0.7126050420168069, 
        "F1 (Micro)": 0.7126050420168069,
        "F1 (Macro)": 0.7122762786692516
    }, 
    "2 3 4 5 6": {
        "Accuracy": 0.6801120448179272, 
        "Precision (Micro)": 0.6801120448179272, 
        "Precision (Macro)": 0.7072884134758957, 
        "Recall (Micro)": 0.6801120448179272, 
        "Recall (Macro)": 0.6801120448179272, 
        "F1 (Micro)": 0.6801120448179272, 
        "F1 (Macro)": 0.6743302595527577
    }, 
    "3 4 5 6 7": {
        "Accuracy": 0.6941176470588235, 
        "Precision (Micro)": 0.6941176470588235, 
        "Precision (Macro)": 0.7178787573523046, 
        "Recall (Micro)": 0.6941176470588235, 
        "Recall (Macro)": 0.6941176470588236, 
        "F1 (Micro)": 0.6941176470588235, 
        "F1 (Macro)": 0.6868925727221691
    }, 
    "4 5 6 7 8": {
        "Accuracy": 0.7551820728291316, 
        "Precision (Micro)": 0.7551820728291316, 
        "Precision (Macro)": 0.7638726817877846, 
        "Recall (Micro)": 0.7551820728291316, 
        "Recall (Macro)": 0.7551820728291316, 
        "F1 (Micro)": 0.7551820728291316, 
        "F1 (Macro)": 0.7460956068434828
    }, 
    "5 6 7 8 9": {
        "Accuracy": 0.750140056022409, 
        "Precision (Micro)": 0.750140056022409, 
        "Precision (Macro)": 0.7621305772622236, 
        "Recall (Micro)": 0.750140056022409, 
        "Recall (Macro)": 0.750140056022409, 
        "F1 (Micro)": 0.750140056022409, 
        "F1 (Macro)": 0.7423982876801826
    }, 
    "6 7 8 9 10": {
        "Accuracy": 0.769187675070028, 
        "Precision (Micro)": 0.769187675070028, 
        "Precision (Macro)": 0.7818428204101595, 
        "Recall (Micro)": 0.769187675070028, 
        "Recall (Macro)": 0.7691876750700279, 
        "F1 (Micro)": 0.769187675070028, 
        "F1 (Macro)": 0.7634787596401762
    }, 
    "7 8 9 10 11": {
        "Accuracy": 0.7865546218487395, 
        "Precision (Micro)": 0.7865546218487395, 
        "Precision (Macro)": 0.8025797863365911, 
        "Recall (Micro)": 0.7865546218487395, 
        "Recall (Macro)": 0.7865546218487395, 
        "F1 (Micro)": 0.7865546218487395, 
        "F1 (Macro)": 0.7809444125538321
    }, 
    "8 9 10 11 12": {
        "Accuracy": 0.7803921568627451, 
        "Precision (Micro)": 0.7803921568627451, 
        "Precision (Macro)": 0.7842168497144222, 
        "Recall (Micro)": 0.7803921568627451, 
        "Recall (Macro)": 0.780392156862745, 
        "F1 (Micro)": 0.7803921568627451, 
        "F1 (Macro)": 0.7735031520680858
    }, 
    "9 10 11 12 13": {
        "Accuracy": 0.7473389355742297, 
        "Precision (Micro)": 0.7473389355742297, 
        "Precision (Macro)": 0.7442367858138574, 
        "Recall (Micro)": 0.7473389355742297, 
        "Recall (Macro)": 0.7473389355742297, 
        "F1 (Micro)": 0.7473389355742296, 
        "F1 (Macro)": 0.7396294175259733
    }, 
    "10 11 12 13 14": {
        "Accuracy": 0.7669467787114846, 
        "Precision (Micro)": 0.7669467787114846, 
        "Precision (Macro)": 0.7749205158221377, 
        "Recall (Micro)": 0.7669467787114846, 
        "Recall (Macro)": 0.7669467787114845, 
        "F1 (Micro)": 0.7669467787114846, 
        "F1 (Macro)": 0.7655969615158608
    }, 
    "11 12 13 14 15": {
        "Accuracy": 0.7260504201680672, 
        "Precision (Micro)": 0.7260504201680672,
        "Precision (Macro)": 0.7420776246551785, 
        "Recall (Micro)": 0.7260504201680672, 
        "Recall (Macro)": 0.7260504201680672, 
        "F1 (Micro)": 0.7260504201680672, 
        "F1 (Macro)": 0.728248616470502
    }, 
    "12 13 14 15 16": {
        "Accuracy": 0.730532212885154, 
        "Precision (Micro)": 0.730532212885154, 
        "Precision (Macro)": 0.7529247428869281, 
        "Recall (Micro)": 0.730532212885154, 
        "Recall (Macro)": 0.7305322128851541, 
        "F1 (Micro)": 0.730532212885154, 
        "F1 (Macro)": 0.7322163287436186
    }, 
    "13 14 15 16 17": {
        "Accuracy": 0.726610644257703, 
        "Precision (Micro)": 0.726610644257703, 
        "Precision (Macro)": 0.7447244977433186, 
        "Recall (Micro)": 0.726610644257703, 
        "Recall (Macro)": 0.726610644257703, 
        "F1 (Micro)": 0.726610644257703, 
        "F1 (Macro)": 0.7299697995240724
    }, 
    "14 15 16 17 18": {
        "Accuracy": 0.761344537815126, 
        "Precision (Micro)": 0.761344537815126, 
        "Precision (Macro)": 0.7723838380285578, 
        "Recall (Micro)": 0.761344537815126, 
        "Recall (Macro)": 0.761344537815126, 
        "F1 (Micro)": 0.761344537815126, 
        "F1 (Macro)": 0.7612862308203268
    }, 
    "15 16 17 18 19": {
        "Accuracy": 0.7787114845938375, 
        "Precision (Micro)": 0.7787114845938375, 
        "Precision (Macro)": 0.7914038869887994, 
        "Recall (Micro)": 0.7787114845938375, 
        "Recall (Macro)": 0.7787114845938375, 
        "F1 (Micro)": 0.7787114845938375, 
        "F1 (Macro)": 0.7774512918749521
    }, 
    "16 17 18 19 20": {
        "Accuracy": 0.7719887955182073, 
        "Precision (Micro)": 0.7719887955182073, 
        "Precision (Macro)": 0.7831022423910836, 
        "Recall (Micro)": 0.7719887955182073, 
        "Recall (Macro)": 0.7719887955182073, 
        "F1 (Micro)": 0.7719887955182073, 
        "F1 (Macro)": 0.7702287093318195
    }, 
    "17 18 19 20 21": {
        "Accuracy": 0.7327731092436974, 
        "Precision (Micro)": 0.7327731092436974, 
        "Precision (Macro)": 0.7533735708871144, 
        "Recall (Micro)": 0.7327731092436974, 
        "Recall (Macro)": 0.7327731092436974, 
        "F1 (Micro)": 0.7327731092436974, 
        "F1 (Macro)": 0.7326287502698331
    }, 
    "18 19 20 21 22": {
        "Accuracy": 0.7579831932773109, 
        "Precision (Micro)": 0.7579831932773109, 
        "Precision (Macro)": 0.7786439368814166, 
        "Recall (Micro)": 0.7579831932773109, 
        "Recall (Macro)": 0.7579831932773109, 
        "F1 (Micro)": 0.7579831932773109, 
        "F1 (Macro)": 0.76086771597247
    }, 
    "19 20 21 22 23": {
        "Accuracy": 0.7663865546218488, 
        "Precision (Micro)": 0.7663865546218488, 
        "Precision (Macro)": 0.7821168099810223, 
        "Recall (Micro)": 0.7663865546218488, 
        "Recall (Macro)": 0.7663865546218487, 
        "F1 (Micro)": 0.7663865546218488, 
        "F1 (Macro)": 0.7689916739827247
    }, 
    "20 21 22 23 24": {
        "Accuracy": 0.7372549019607844, 
        "Precision (Micro)": 0.7372549019607844, 
        "Precision (Macro)": 0.7514684443946283, 
        "Recall (Micro)": 0.7372549019607844, 
        "Recall (Macro)": 0.7372549019607844, 
        "F1 (Micro)": 0.7372549019607844, 
        "F1 (Macro)": 0.7405118578506167
    }, 
    "21 22 23 24 25": {
        "Accuracy": 0.7585434173669467, 
        "Precision (Micro)": 0.7585434173669467, 
        "Precision (Macro)": 0.7678663253997066, 
        "Recall (Micro)": 0.7585434173669467, 
        "Recall (Macro)": 0.7585434173669467, 
        "F1 (Micro)": 0.7585434173669466, 
        "F1 (Macro)": 0.759271321902324
    }, 
    "22 23 24 25 26": {
        "Accuracy": 0.7803921568627451, 
        "Precision (Micro)": 0.7803921568627451, 
        "Precision (Macro)": 0.7899532868851022, 
        "Recall (Micro)": 0.7803921568627451, 
        "Recall (Macro)": 0.780392156862745, 
        "F1 (Micro)": 0.7803921568627451, 
        "F1 (Macro)": 0.7793466594586227
    }, 
    "23 24 25 26 27": {
        "Accuracy": 0.7865546218487395, 
        "Precision (Micro)": 0.7865546218487395, 
        "Precision (Macro)": 0.791056025308018, 
        "Recall (Micro)": 0.7865546218487395, 
        "Recall (Macro)": 0.7865546218487395, 
        "F1 (Micro)": 0.7865546218487395,